mapping_id,table,column,source_pointer,traitement,reference
F0001,STR_REPORT,report_type_code,#/components/schemas/reportTypeCode,FK_VERSIONNEE,REF_TYPE_RAPPORT
F0002,STR_REPORT,submit_type_code,#/components/schemas/submitTypeCode,FK_VERSIONNEE,REF_TYPE_SOUMISSION
F0003,STR_REPORT,activity_sector_code,#/components/schemas/activitySectorCode,FK_VERSIONNEE,REF_SECTEUR_ACTIVITE
F0008,STR_REPORT,ministerial_directive_code,#/components/schemas/ministerialDirectiveCode,FK_VERSIONNEE,REF_DIRECTIVE
F0010,STR_REPORT,suspicion_type_code,#/components/schemas/STRReport/properties/detailsOfSuspicion/properties/suspicionTypeCode,FK_VERSIONNEE,REF_TYPE_SOUPCON
F0011,STR_PPP_PROJECT,project_name_code,#/components/schemas/STRReport/properties/detailsOfSuspicion/properties/publicPrivatePartnershipProjectNameCodes/items,FK_VERSIONNEE,REF_PROJET_PPP
F0016,STR_DEFINITION,type_code,#/components/schemas/PersonName/properties/typeCode,FK_VERSIONNEE,REF_TYPE_DEFINITION
F0021,STR_DEFINITION,type_code,#/components/schemas/EntityName/properties/typeCode,FK_VERSIONNEE,REF_TYPE_DEFINITION
F0024,STR_DEFINITION,type_code,#/components/schemas/PersonDetails/properties/typeCode,FK_VERSIONNEE,REF_TYPE_DEFINITION
F0033,STR_PERSON,country_of_residence_code,#/components/schemas/CountryCode,FK_VERSIONNEE,REF_PAYS
F0036,STR_PERSON,address_type_code,#/components/schemas/addressTypeCode,FK_VERSIONNEE,REF_TYPE_ADRESSE
F0037,STR_ADDRESS,type_code,#/components/schemas/StructuredAddress/properties/typeCode,FK_VERSIONNEE,REF_TYPE_ADRESSE
F0043,STR_ADDRESS,province_state_code,#/components/schemas/ProvinceStateCode/oneOf/0,BRANCHE_OUVERTE_SANS_FK,
F0044,STR_ADDRESS,province_state_code,#/components/schemas/ProvinceStateCode/oneOf/1,BRANCHE_OUVERTE_SANS_FK,
F0045,STR_ADDRESS,province_state_code,#/components/schemas/ProvinceStateCode/oneOf/2,BRANCHE_OUVERTE_SANS_FK,
F0050,STR_ADDRESS,country_code,#/components/schemas/CountryCode,FK_VERSIONNEE,REF_PAYS
F0051,STR_ADDRESS,type_code,#/components/schemas/UnstructuredAddress/properties/typeCode,FK_VERSIONNEE,REF_TYPE_ADRESSE
F0052,STR_ADDRESS,country_code,#/components/schemas/CountryCode,FK_VERSIONNEE,REF_PAYS
F0054,STR_IDENTIFICATION,identifier_type_code,#/components/schemas/personIdentificationWithJurisdiction/properties/identifierTypeCode,FK_VERSIONNEE,REF_TYPE_IDENTIFICATION
F0057,STR_IDENTIFICATION,jurisdiction_country_code,#/components/schemas/CountryCode,FK_VERSIONNEE,REF_PAYS
F0058,STR_IDENTIFICATION,jurisdiction_province_state_code,#/components/schemas/ProvinceStateCode/oneOf/0,BRANCHE_OUVERTE_SANS_FK,
F0059,STR_IDENTIFICATION,jurisdiction_province_state_code,#/components/schemas/ProvinceStateCode/oneOf/1,BRANCHE_OUVERTE_SANS_FK,
F0060,STR_IDENTIFICATION,jurisdiction_province_state_code,#/components/schemas/ProvinceStateCode/oneOf/2,BRANCHE_OUVERTE_SANS_FK,
F0063,STR_DEFINITION,type_code,#/components/schemas/EntityDetails/properties/typeCode,FK_VERSIONNEE,REF_TYPE_DEFINITION
F0069,STR_ENTITY,address_type_code,#/components/schemas/addressTypeCode,FK_VERSIONNEE,REF_TYPE_ADRESSE
F0070,STR_ADDRESS,type_code,#/components/schemas/StructuredAddress/properties/typeCode,FK_VERSIONNEE,REF_TYPE_ADRESSE
F0076,STR_ADDRESS,province_state_code,#/components/schemas/ProvinceStateCode/oneOf/0,BRANCHE_OUVERTE_SANS_FK,
F0077,STR_ADDRESS,province_state_code,#/components/schemas/ProvinceStateCode/oneOf/1,BRANCHE_OUVERTE_SANS_FK,
F0078,STR_ADDRESS,province_state_code,#/components/schemas/ProvinceStateCode/oneOf/2,BRANCHE_OUVERTE_SANS_FK,
F0083,STR_ADDRESS,country_code,#/components/schemas/CountryCode,FK_VERSIONNEE,REF_PAYS
F0084,STR_ADDRESS,type_code,#/components/schemas/UnstructuredAddress/properties/typeCode,FK_VERSIONNEE,REF_TYPE_ADRESSE
F0085,STR_ADDRESS,country_code,#/components/schemas/CountryCode,FK_VERSIONNEE,REF_PAYS
F0087,STR_IDENTIFICATION,identifier_type_code,#/components/schemas/entityIdentificationWithJurisdiction/properties/identifierTypeCode,FK_VERSIONNEE,REF_TYPE_IDENTIFICATION
F0090,STR_IDENTIFICATION,jurisdiction_country_code,#/components/schemas/CountryCode,FK_VERSIONNEE,REF_PAYS
F0091,STR_IDENTIFICATION,jurisdiction_province_state_code,#/components/schemas/ProvinceStateCode/oneOf/0,BRANCHE_OUVERTE_SANS_FK,
F0092,STR_IDENTIFICATION,jurisdiction_province_state_code,#/components/schemas/ProvinceStateCode/oneOf/1,BRANCHE_OUVERTE_SANS_FK,
F0093,STR_IDENTIFICATION,jurisdiction_province_state_code,#/components/schemas/ProvinceStateCode/oneOf/2,BRANCHE_OUVERTE_SANS_FK,
F0100,STR_REGISTRATION_INCORPORATION,type_code,#/components/schemas/IncorporationRegistrationTypeCode,FK_VERSIONNEE,REF_TYPE_ENREGISTREMENT
F0102,STR_REGISTRATION_INCORPORATION,jurisdiction_country_code,#/components/schemas/CountryCode,FK_VERSIONNEE,REF_PAYS
F0103,STR_REGISTRATION_INCORPORATION,jurisdiction_province_state_code,#/components/schemas/ProvinceStateCode/oneOf/0,BRANCHE_OUVERTE_SANS_FK,
F0104,STR_REGISTRATION_INCORPORATION,jurisdiction_province_state_code,#/components/schemas/ProvinceStateCode/oneOf/1,BRANCHE_OUVERTE_SANS_FK,
F0105,STR_REGISTRATION_INCORPORATION,jurisdiction_province_state_code,#/components/schemas/ProvinceStateCode/oneOf/2,BRANCHE_OUVERTE_SANS_FK,
F0108,STR_DEFINITION,type_code,#/components/schemas/personAndEmployerDetails/properties/typeCode,FK_VERSIONNEE,REF_TYPE_DEFINITION
F0114,STR_PERSON,address_type_code,#/components/schemas/addressTypeCode,FK_VERSIONNEE,REF_TYPE_ADRESSE
F0115,STR_ADDRESS,type_code,#/components/schemas/StructuredAddress/properties/typeCode,FK_VERSIONNEE,REF_TYPE_ADRESSE
F0121,STR_ADDRESS,province_state_code,#/components/schemas/ProvinceStateCode/oneOf/0,BRANCHE_OUVERTE_SANS_FK,
F0122,STR_ADDRESS,province_state_code,#/components/schemas/ProvinceStateCode/oneOf/1,BRANCHE_OUVERTE_SANS_FK,
F0123,STR_ADDRESS,province_state_code,#/components/schemas/ProvinceStateCode/oneOf/2,BRANCHE_OUVERTE_SANS_FK,
F0128,STR_ADDRESS,country_code,#/components/schemas/CountryCode,FK_VERSIONNEE,REF_PAYS
F0129,STR_ADDRESS,type_code,#/components/schemas/UnstructuredAddress/properties/typeCode,FK_VERSIONNEE,REF_TYPE_ADRESSE
F0130,STR_ADDRESS,country_code,#/components/schemas/CountryCode,FK_VERSIONNEE,REF_PAYS
F0135,STR_PERSON,country_of_residence_code,#/components/schemas/CountryCode,FK_VERSIONNEE,REF_PAYS
F0136,STR_PERSON,country_of_citizenship_code,#/components/schemas/CountryCode,FK_VERSIONNEE,REF_PAYS
F0139,STR_EMPLOYER_INFO,address_type_code,#/components/schemas/addressTypeCode,FK_VERSIONNEE,REF_TYPE_ADRESSE
F0140,STR_ADDRESS,type_code,#/components/schemas/StructuredAddress/properties/typeCode,FK_VERSIONNEE,REF_TYPE_ADRESSE
F0146,STR_ADDRESS,province_state_code,#/components/schemas/ProvinceStateCode/oneOf/0,BRANCHE_OUVERTE_SANS_FK,
F0147,STR_ADDRESS,province_state_code,#/components/schemas/ProvinceStateCode/oneOf/1,BRANCHE_OUVERTE_SANS_FK,
F0148,STR_ADDRESS,province_state_code,#/components/schemas/ProvinceStateCode/oneOf/2,BRANCHE_OUVERTE_SANS_FK,
F0153,STR_ADDRESS,country_code,#/components/schemas/CountryCode,FK_VERSIONNEE,REF_PAYS
F0154,STR_ADDRESS,type_code,#/components/schemas/UnstructuredAddress/properties/typeCode,FK_VERSIONNEE,REF_TYPE_ADRESSE
F0155,STR_ADDRESS,country_code,#/components/schemas/CountryCode,FK_VERSIONNEE,REF_PAYS
F0159,STR_IDENTIFICATION,identifier_type_code,#/components/schemas/personIdentificationWithJurisdiction/properties/identifierTypeCode,FK_VERSIONNEE,REF_TYPE_IDENTIFICATION
F0162,STR_IDENTIFICATION,jurisdiction_country_code,#/components/schemas/CountryCode,FK_VERSIONNEE,REF_PAYS
F0163,STR_IDENTIFICATION,jurisdiction_province_state_code,#/components/schemas/ProvinceStateCode/oneOf/0,BRANCHE_OUVERTE_SANS_FK,
F0164,STR_IDENTIFICATION,jurisdiction_province_state_code,#/components/schemas/ProvinceStateCode/oneOf/1,BRANCHE_OUVERTE_SANS_FK,
F0165,STR_IDENTIFICATION,jurisdiction_province_state_code,#/components/schemas/ProvinceStateCode/oneOf/2,BRANCHE_OUVERTE_SANS_FK,
F0168,STR_DEFINITION,type_code,#/components/schemas/entityAndBeneficialOwnershipDetails/properties/typeCode,FK_VERSIONNEE,REF_TYPE_DEFINITION
F0171,STR_ENTITY,address_type_code,#/components/schemas/addressTypeCode,FK_VERSIONNEE,REF_TYPE_ADRESSE
F0172,STR_ADDRESS,type_code,#/components/schemas/StructuredAddress/properties/typeCode,FK_VERSIONNEE,REF_TYPE_ADRESSE
F0178,STR_ADDRESS,province_state_code,#/components/schemas/ProvinceStateCode/oneOf/0,BRANCHE_OUVERTE_SANS_FK,
F0179,STR_ADDRESS,province_state_code,#/components/schemas/ProvinceStateCode/oneOf/1,BRANCHE_OUVERTE_SANS_FK,
F0180,STR_ADDRESS,province_state_code,#/components/schemas/ProvinceStateCode/oneOf/2,BRANCHE_OUVERTE_SANS_FK,
F0185,STR_ADDRESS,country_code,#/components/schemas/CountryCode,FK_VERSIONNEE,REF_PAYS
F0186,STR_ADDRESS,type_code,#/components/schemas/UnstructuredAddress/properties/typeCode,FK_VERSIONNEE,REF_TYPE_ADRESSE
F0187,STR_ADDRESS,country_code,#/components/schemas/CountryCode,FK_VERSIONNEE,REF_PAYS
F0191,STR_IDENTIFICATION,identifier_type_code,#/components/schemas/entityIdentificationWithJurisdiction/properties/identifierTypeCode,FK_VERSIONNEE,REF_TYPE_IDENTIFICATION
F0194,STR_IDENTIFICATION,jurisdiction_country_code,#/components/schemas/CountryCode,FK_VERSIONNEE,REF_PAYS
F0195,STR_IDENTIFICATION,jurisdiction_province_state_code,#/components/schemas/ProvinceStateCode/oneOf/0,BRANCHE_OUVERTE_SANS_FK,
F0196,STR_IDENTIFICATION,jurisdiction_province_state_code,#/components/schemas/ProvinceStateCode/oneOf/1,BRANCHE_OUVERTE_SANS_FK,
F0197,STR_IDENTIFICATION,jurisdiction_province_state_code,#/components/schemas/ProvinceStateCode/oneOf/2,BRANCHE_OUVERTE_SANS_FK,
F0203,STR_ENTITY,structure_type_code,#/components/schemas/entityAndBeneficialOwnershipDetails/properties/structureTypeCode,FK_VERSIONNEE,REF_STRUCTURE_ENTITE
F0207,STR_REGISTRATION_INCORPORATION,type_code,#/components/schemas/IncorporationRegistrationTypeCode,FK_VERSIONNEE,REF_TYPE_ENREGISTREMENT
F0209,STR_REGISTRATION_INCORPORATION,jurisdiction_country_code,#/components/schemas/CountryCode,FK_VERSIONNEE,REF_PAYS
F0210,STR_REGISTRATION_INCORPORATION,jurisdiction_province_state_code,#/components/schemas/ProvinceStateCode/oneOf/0,BRANCHE_OUVERTE_SANS_FK,
F0211,STR_REGISTRATION_INCORPORATION,jurisdiction_province_state_code,#/components/schemas/ProvinceStateCode/oneOf/1,BRANCHE_OUVERTE_SANS_FK,
F0212,STR_REGISTRATION_INCORPORATION,jurisdiction_province_state_code,#/components/schemas/ProvinceStateCode/oneOf/2,BRANCHE_OUVERTE_SANS_FK,
F0218,STR_DIRECTOR,address_type_code,#/components/schemas/addressTypeCode,FK_VERSIONNEE,REF_TYPE_ADRESSE
F0219,STR_ADDRESS,type_code,#/components/schemas/StructuredAddress/properties/typeCode,FK_VERSIONNEE,REF_TYPE_ADRESSE
F0225,STR_ADDRESS,province_state_code,#/components/schemas/ProvinceStateCode/oneOf/0,BRANCHE_OUVERTE_SANS_FK,
F0226,STR_ADDRESS,province_state_code,#/components/schemas/ProvinceStateCode/oneOf/1,BRANCHE_OUVERTE_SANS_FK,
F0227,STR_ADDRESS,province_state_code,#/components/schemas/ProvinceStateCode/oneOf/2,BRANCHE_OUVERTE_SANS_FK,
F0232,STR_ADDRESS,country_code,#/components/schemas/CountryCode,FK_VERSIONNEE,REF_PAYS
F0233,STR_ADDRESS,type_code,#/components/schemas/UnstructuredAddress/properties/typeCode,FK_VERSIONNEE,REF_TYPE_ADRESSE
F0234,STR_ADDRESS,country_code,#/components/schemas/CountryCode,FK_VERSIONNEE,REF_PAYS
F0244,STR_TRUSTEE,address_type_code,#/components/schemas/addressTypeCode,FK_VERSIONNEE,REF_TYPE_ADRESSE
F0245,STR_ADDRESS,type_code,#/components/schemas/StructuredAddress/properties/typeCode,FK_VERSIONNEE,REF_TYPE_ADRESSE
F0251,STR_ADDRESS,province_state_code,#/components/schemas/ProvinceStateCode/oneOf/0,BRANCHE_OUVERTE_SANS_FK,
F0252,STR_ADDRESS,province_state_code,#/components/schemas/ProvinceStateCode/oneOf/1,BRANCHE_OUVERTE_SANS_FK,
F0253,STR_ADDRESS,province_state_code,#/components/schemas/ProvinceStateCode/oneOf/2,BRANCHE_OUVERTE_SANS_FK,
F0258,STR_ADDRESS,country_code,#/components/schemas/CountryCode,FK_VERSIONNEE,REF_PAYS
F0259,STR_ADDRESS,type_code,#/components/schemas/UnstructuredAddress/properties/typeCode,FK_VERSIONNEE,REF_TYPE_ADRESSE
F0260,STR_ADDRESS,country_code,#/components/schemas/CountryCode,FK_VERSIONNEE,REF_PAYS
F0267,STR_SETTLOR,address_type_code,#/components/schemas/addressTypeCode,FK_VERSIONNEE,REF_TYPE_ADRESSE
F0268,STR_ADDRESS,type_code,#/components/schemas/StructuredAddress/properties/typeCode,FK_VERSIONNEE,REF_TYPE_ADRESSE
F0274,STR_ADDRESS,province_state_code,#/components/schemas/ProvinceStateCode/oneOf/0,BRANCHE_OUVERTE_SANS_FK,
F0275,STR_ADDRESS,province_state_code,#/components/schemas/ProvinceStateCode/oneOf/1,BRANCHE_OUVERTE_SANS_FK,
F0276,STR_ADDRESS,province_state_code,#/components/schemas/ProvinceStateCode/oneOf/2,BRANCHE_OUVERTE_SANS_FK,
F0281,STR_ADDRESS,country_code,#/components/schemas/CountryCode,FK_VERSIONNEE,REF_PAYS
F0282,STR_ADDRESS,type_code,#/components/schemas/UnstructuredAddress/properties/typeCode,FK_VERSIONNEE,REF_TYPE_ADRESSE
F0283,STR_ADDRESS,country_code,#/components/schemas/CountryCode,FK_VERSIONNEE,REF_PAYS
F0290,STR_TRUST_UNIT_OWNER,address_type_code,#/components/schemas/addressTypeCode,FK_VERSIONNEE,REF_TYPE_ADRESSE
F0291,STR_ADDRESS,type_code,#/components/schemas/StructuredAddress/properties/typeCode,FK_VERSIONNEE,REF_TYPE_ADRESSE
F0297,STR_ADDRESS,province_state_code,#/components/schemas/ProvinceStateCode/oneOf/0,BRANCHE_OUVERTE_SANS_FK,
F0298,STR_ADDRESS,province_state_code,#/components/schemas/ProvinceStateCode/oneOf/1,BRANCHE_OUVERTE_SANS_FK,
F0299,STR_ADDRESS,province_state_code,#/components/schemas/ProvinceStateCode/oneOf/2,BRANCHE_OUVERTE_SANS_FK,
F0304,STR_ADDRESS,country_code,#/components/schemas/CountryCode,FK_VERSIONNEE,REF_PAYS
F0305,STR_ADDRESS,type_code,#/components/schemas/UnstructuredAddress/properties/typeCode,FK_VERSIONNEE,REF_TYPE_ADRESSE
F0306,STR_ADDRESS,country_code,#/components/schemas/CountryCode,FK_VERSIONNEE,REF_PAYS
F0313,STR_TRUST_BENEFICIARY,address_type_code,#/components/schemas/addressTypeCode,FK_VERSIONNEE,REF_TYPE_ADRESSE
F0314,STR_ADDRESS,type_code,#/components/schemas/StructuredAddress/properties/typeCode,FK_VERSIONNEE,REF_TYPE_ADRESSE
F0320,STR_ADDRESS,province_state_code,#/components/schemas/ProvinceStateCode/oneOf/0,BRANCHE_OUVERTE_SANS_FK,
F0321,STR_ADDRESS,province_state_code,#/components/schemas/ProvinceStateCode/oneOf/1,BRANCHE_OUVERTE_SANS_FK,
F0322,STR_ADDRESS,province_state_code,#/components/schemas/ProvinceStateCode/oneOf/2,BRANCHE_OUVERTE_SANS_FK,
F0327,STR_ADDRESS,country_code,#/components/schemas/CountryCode,FK_VERSIONNEE,REF_PAYS
F0328,STR_ADDRESS,type_code,#/components/schemas/UnstructuredAddress/properties/typeCode,FK_VERSIONNEE,REF_TYPE_ADRESSE
F0329,STR_ADDRESS,country_code,#/components/schemas/CountryCode,FK_VERSIONNEE,REF_PAYS
F0341,STR_TRANSACTION,method_code,#/components/schemas/STRReport/properties/transactions/items/properties/suspiciousTransactionDetails/properties/methodCode,FK_VERSIONNEE,REF_METHODE_OPERATION
F0347,STR_STARTING_ACTION,direction,#/components/schemas/STRReport/properties/transactions/items/properties/startingActions/items/properties/details/properties/direction,FK_VERSIONNEE,REF_SENS_ACTION
F0348,STR_STARTING_ACTION,fund_type_code,#/components/schemas/STRReport/properties/transactions/items/properties/startingActions/items/properties/details/properties/fundAssetVirtualCurrencyTypeCode,FK_VERSIONNEE,REF_NATURE_FONDS
F0351,STR_STARTING_ACTION,currency_code,#/components/schemas/CurrencyCode,FK_VERSIONNEE,REF_DEVISE
F0352,STR_STARTING_ACTION,vc_type_code,#/components/schemas/VirtualCurrencyCode,FK_VERSIONNEE,REF_MONNAIE_VIRTUELLE
F0363,STR_ACCOUNT,type_code,#/components/schemas/strAccount/properties/typeCode,FK_VERSIONNEE,REF_TYPE_COMPTE
F0365,STR_ACCOUNT,currency_code,#/components/schemas/CurrencyCode,FK_VERSIONNEE,REF_DEVISE
F0366,STR_ACCOUNT,vc_type_code,#/components/schemas/VirtualCurrencyCode,FK_VERSIONNEE,REF_MONNAIE_VIRTUELLE
F0370,STR_ACCOUNT_HOLDER,type_code,#/components/schemas/definitionType12,FK_VERSIONNEE,REF_TYPE_DEFINITION
F0372,STR_STARTING_ACTION,account_status_code,#/components/schemas/accountStatusAtTimeOfTransaction,FK_VERSIONNEE,REF_STATUT_COMPTE
F0376,STR_SOURCE_OF_FUNDS,type_code,#/components/schemas/definitionType12,FK_VERSIONNEE,REF_TYPE_DEFINITION
F0381,STR_CONDUCTOR,type_code,#/components/schemas/definitionType56,FK_VERSIONNEE,REF_TYPE_DEFINITION
F0386,STR_CONDUCTOR,device_type_code,#/components/schemas/typeOfDeviceCode,FK_VERSIONNEE,REF_TYPE_APPAREIL
F0393,STR_ON_BEHALF_OF,type_code,#/components/schemas/definitionType56,FK_VERSIONNEE,REF_TYPE_DEFINITION
F0398,STR_ON_BEHALF_OF,relationship_code,#/components/schemas/relationshipOfConductorCodeWithVendor,FK_VERSIONNEE,REF_RELATION_TIERS
F0400,STR_COMPLETING_ACTION,disposition_code,#/components/schemas/STRReport/properties/transactions/items/properties/completingActions/items/properties/details/properties/dispositionCode,FK_VERSIONNEE,REF_DISPOSITION
F0403,STR_COMPLETING_ACTION,currency_code,#/components/schemas/CurrencyCode,FK_VERSIONNEE,REF_DEVISE
F0404,STR_COMPLETING_ACTION,vc_type_code,#/components/schemas/VirtualCurrencyCode,FK_VERSIONNEE,REF_MONNAIE_VIRTUELLE
F0416,STR_ACCOUNT,type_code,#/components/schemas/strAccount/properties/typeCode,FK_VERSIONNEE,REF_TYPE_COMPTE
F0418,STR_ACCOUNT,currency_code,#/components/schemas/CurrencyCode,FK_VERSIONNEE,REF_DEVISE
F0419,STR_ACCOUNT,vc_type_code,#/components/schemas/VirtualCurrencyCode,FK_VERSIONNEE,REF_MONNAIE_VIRTUELLE
F0423,STR_ACCOUNT_HOLDER,type_code,#/components/schemas/definitionType12,FK_VERSIONNEE,REF_TYPE_DEFINITION
F0425,STR_COMPLETING_ACTION,account_status_code,#/components/schemas/accountStatusAtTimeOfTransaction,FK_VERSIONNEE,REF_STATUT_COMPTE
F0428,STR_INVOLVEMENT,type_code,#/components/schemas/definitionType12,FK_VERSIONNEE,REF_TYPE_DEFINITION
F0433,STR_BENEFICIARY,type_code,#/components/schemas/definitionType34,FK_VERSIONNEE,REF_TYPE_DEFINITION
F0449,STR_VALIDATION_ERROR,severity,#/components/schemas/ValidationMessage/properties/type,LECTURE_REPONSE_OU_ARCHIVE,
F0452,STR_API_SUBMISSION,api_response_body,#/components/schemas/Validations/properties/status/properties/code,LECTURE_REPONSE_OU_ARCHIVE,
F0460,STR_API_SUBMISSION,api_response_body,#/components/schemas/Validations/properties/acknowledgements/items/properties/messageTypeCode,LECTURE_REPONSE_OU_ARCHIVE,
F0466,STR_VALIDATION_ERROR,severity,#/components/schemas/ValidationMessage/properties/type,LECTURE_REPONSE_OU_ARCHIVE,
F0480,STR_VALIDATION_ERROR,severity,#/components/schemas/ValidationMessage/properties/type,LECTURE_REPONSE_OU_ARCHIVE,
F0481,STR_SUBMITTED_PAYLOAD,payload_json,#/components/schemas/reportTypeCode,LECTURE_REPONSE_OU_ARCHIVE,
F0482,STR_SUBMITTED_PAYLOAD,payload_json,#/components/schemas/submitTypeCode,LECTURE_REPONSE_OU_ARCHIVE,
F0486,STR_SUBMITTED_PAYLOAD,payload_json,#/components/schemas/DeleteReport/properties/reportDetails/properties/reportSubmitReasonCode,LECTURE_REPONSE_OU_ARCHIVE,
